,femaDeclarationString,disasterNumber,state,declarationType,declarationDate,fyDeclared,incidentType,declarationTitle,ihProgramDeclared,iaProgramDeclared,paProgramDeclared,hmProgramDeclared,incidentBeginDate,incidentEndDate,disasterCloseoutDate,tribalRequest,fipsStateCode,fipsCountyCode,placeCode,designatedArea,declarationRequestNumber,lastIAFilingDate,incidentId,region,designatedIncidentTypes,lastRefresh,hash,id
0,FM-5423-CO,5423,CO,FM,2021-12-30T00:00:00.000Z,2022,Fire,MARSHALL FIRE,False,False,True,True,2021-12-30T00:00:00.000Z,2022-01-07T00:00:00.000Z,,False,08,013,99013,Boulder (County),21132,,2021123101,8,,2024-08-27T18:22:14.800Z,3f0e9054a42676d0d7f75b6279f972d18c4b39bb,b8cb17aa-bb52-45b5-80ed-3dcd3e2c7486
1,DR-4634-CO,4634,CO,DR,2021-12-31T00:00:00.000Z,2022,Fire,WILDFIRES AND STRAIGHT-LINE WINDS,True,False,True,True,2021-12-30T00:00:00.000Z,2022-01-07T00:00:00.000Z,,False,08,013,99013,Boulder (County),22001,2022-03-02T00:00:00.000Z,2022010101,8,,2024-08-27T18:22:14.800Z,3f2ce967d16d48c7a12b74a1c31859243f1ed5fa,b61bd47d-de3a-4a86-887e-94595817d28f
2,DR-4581-CO,4581,CO,DR,2021-01-15T00:00:00.000Z,2021,Fire,WILDFIRES,False,False,True,True,2020-09-06T00:00:00.000Z,2020-11-05T00:00:00.000Z,,False,08,049,99049,Grand (County),20328,,2020122301,8,,2024-08-27T18:22:14.800Z,3f9db442ca63530ecfcf6603b3e4a08401ecabd5,10e97111-a9ad-4270-b86f-8ec936e0aa8c
3,DR-4581-CO,4581,CO,DR,2021-01-15T00:00:00.000Z,2021,Fire,WILDFIRES,False,False,True,True,2020-09-06T00:00:00.000Z,2020-11-05T00:00:00.000Z,,False,08,069,99069,Larimer (County),20328,,2020122301,8,,2024-08-27T18:22:14.800Z,ec0a151b3cdbe45d5eb94d018f23ec417af9533e,98e30bb6-82ac-4838-8f4e-c547fdb9006c
4,FM-5604-CO,5604,CO,FM,2025-08-06T00:00:00.000Z,2025,Fire,ELK FIRE,False,False,True,False,2025-08-02T00:00:00.000Z,,,False,08,103,99103,Rio Blanco (County),25109,,2025080701,8,R,2025-08-08T19:42:11.470Z,889b9529a11f0a115d0682b03ce22da55239cfba,b4d54825-9061-437e-89dd-6db50192d3a4
5,FM-5603-CO,5603,CO,FM,2025-08-06T00:00:00.000Z,2025,Fire,LEE FIRE,False,False,True,False,2025-08-02T00:00:00.000Z,,,False,08,103,99103,Rio Blanco (County),25108,,2025080702,8,R,2025-08-08T19:42:11.470Z,73656c8219ea708cd77945c00a931f269eae775f,28b8935e-4883-443a-877e-8fcb6441b389
6,FM-5606-CO,5606,CO,FM,2025-08-11T00:00:00.000Z,2025,Fire,OAK FIRE,False,False,True,False,2025-08-10T00:00:00.000Z,,,False,08,007,99007,Archuleta (County),25111,,2025081101,8,R,2025-08-13T13:42:02.273Z,c4308ef3ad120b43c5e354d74b016b03ba0cbf80,3fd39a94-6af3-455e-9ca6-e827c28e853f
7,FM-5526-CO,5526,CO,FM,2024-08-01T00:00:00.000Z,2024,Fire,QUARRY FIRE,False,False,True,True,2024-08-01T00:00:00.000Z,2024-08-07T00:00:00.000Z,,False,08,059,99059,Jefferson (County),24106,,2024080102,8,R,2025-01-08T20:01:25.309Z,c6eff9d2ab33acbeeab7424deae19f7de7e3288d,0d51ec82-33ec-4cf2-91ed-f689507dd98c
8,FM-5525-CO,5525,CO,FM,2024-07-31T00:00:00.000Z,2024,Fire,STONE MOUNTAIN FIRE,False,False,True,True,2024-07-30T00:00:00.000Z,2024-08-30T00:00:00.000Z,,False,08,013,99013,Boulder (County),24105,,2024073103,8,R,2025-01-08T20:01:25.309Z,692612f9b487af921c69600ef70b07fd4f95d815,212d16ff-852c-4208-9db5-ef2705e13e37
9,FM-5525-CO,5525,CO,FM,2024-07-31T00:00:00.000Z,2024,Fire,STONE MOUNTAIN FIRE,False,False,True,True,2024-07-30T00:00:00.000Z,2024-08-30T00:00:00.000Z,,False,08,069,99069,Larimer (County),24105,,2024073103,8,R,2025-01-08T20:01:25.309Z,b1ce0b36270cc6978ae4fad36df17912f5c1906a,94386e02-7bcc-4451-8999-b0af0728bd39
10,FM-5524-CO,5524,CO,FM,2024-07-31T00:00:00.000Z,2024,Fire,ALEXANDER MOUNTAIN FIRE,False,False,True,True,2024-07-31T00:00:00.000Z,2024-08-09T00:00:00.000Z,,False,08,069,99069,Larimer (County),24104,,2024073102,8,R,2025-01-08T20:01:25.309Z,912ab60e2ce580128b45e0b1a9885ca0febbd710,84e1363a-ddbf-4a9e-910b-5e278568ba43
11,DR-4731-CO,4731,CO,DR,2023-08-25T00:00:00.000Z,2023,Flood,"SEVERE STORMS, FLOODING, AND TORNADOES",False,False,True,True,2023-06-08T00:00:00.000Z,2023-06-23T00:00:00.000Z,,False,08,005,99005,Arapahoe (County),23081,,2023072701,8,"W,F,T",2025-03-25T15:35:55.159Z,3ba4dfc211a53be2fd7c91c4c95fbd550513131d,22bf96e4-ae8f-4e3d-bc77-6949eb1cfab4
12,DR-4731-CO,4731,CO,DR,2023-08-25T00:00:00.000Z,2023,Flood,"SEVERE STORMS, FLOODING, AND TORNADOES",False,False,True,True,2023-06-08T00:00:00.000Z,2023-06-23T00:00:00.000Z,,False,08,009,99009,Baca (County),23081,,2023072701,8,"W,F,T",2025-03-25T15:35:55.159Z,cbe673ba6264e2668b8c59a649e9a34d7756630e,fce70afc-d92c-4dd9-b9f5-f462fc9a116e
13,DR-4731-CO,4731,CO,DR,2023-08-25T00:00:00.000Z,2023,Flood,"SEVERE STORMS, FLOODING, AND TORNADOES",False,False,True,True,2023-06-08T00:00:00.000Z,2023-06-23T00:00:00.000Z,,False,08,017,99017,Cheyenne (County),23081,,2023072701,8,"W,F,T",2025-03-25T15:35:55.159Z,dbb0657927e040409609bf177efa0ddb57563dd8,36fe6d79-27a5-4bc6-b2f4-034cc820661a
14,DR-4731-CO,4731,CO,DR,2023-08-25T00:00:00.000Z,2023,Flood,"SEVERE STORMS, FLOODING, AND TORNADOES",False,False,True,True,2023-06-08T00:00:00.000Z,2023-06-23T00:00:00.000Z,,False,08,035,99035,Douglas (County),23081,,2023072701,8,"W,F,T",2025-03-25T15:35:55.159Z,b7b8d609063d535ee77425509743b883b6ca0b09,20b671eb-1e23-40a9-8a0e-20a34579bb98
15,DR-4731-CO,4731,CO,DR,2023-08-25T00:00:00.000Z,2023,Flood,"SEVERE STORMS, FLOODING, AND TORNADOES",False,False,True,True,2023-06-08T00:00:00.000Z,2023-06-23T00:00:00.000Z,,False,08,039,99039,Elbert (County),23081,,2023072701,8,"W,F,T",2025-03-25T15:35:55.159Z,bc53d0ed98448b9bee6ab2f6a84b27fab05b5395,76ae1cd3-5578-44bd-9407-8a590e59bc55
16,DR-4731-CO,4731,CO,DR,2023-08-25T00:00:00.000Z,2023,Flood,"SEVERE STORMS, FLOODING, AND TORNADOES",False,False,True,True,2023-06-08T00:00:00.000Z,2023-06-23T00:00:00.000Z,,False,08,041,99041,El Paso (County),23081,,2023072701,8,"W,F,T",2025-03-25T15:35:55.159Z,2cd5dbed6a50547e956f09ba6d0791fc1ffb0003,ea487621-f888-4c2e-bfab-c8008e44d0b8
17,DR-4731-CO,4731,CO,DR,2023-08-25T00:00:00.000Z,2023,Flood,"SEVERE STORMS, FLOODING, AND TORNADOES",False,False,True,True,2023-06-08T00:00:00.000Z,2023-06-23T00:00:00.000Z,,False,08,059,99059,Jefferson (County),23081,,2023072701,8,"W,F,T",2025-03-25T15:35:55.159Z,c52d511e77597b8708a77d051133ac4a1c5ecd14,d81142f3-1c37-41e2-9f8e-a4614ca1a0ba
18,DR-4731-CO,4731,CO,DR,2023-08-25T00:00:00.000Z,2023,Flood,"SEVERE STORMS, FLOODING, AND TORNADOES",False,False,True,True,2023-06-08T00:00:00.000Z,2023-06-23T00:00:00.000Z,,False,08,061,99061,Kiowa (County),23081,,2023072701,8,"W,F,T",2025-03-25T15:35:55.159Z,2482c036b7d657ce6ff1ce286ce6adffb2f70d32,2969e738-f6af-474c-ba94-9898adb126ae
19,DR-4731-CO,4731,CO,DR,2023-08-25T00:00:00.000Z,2023,Flood,"SEVERE STORMS, FLOODING, AND TORNADOES",False,False,True,True,2023-06-08T00:00:00.000Z,2023-06-23T00:00:00.000Z,,False,08,063,99063,Kit Carson (County),23081,,2023072701,8,"W,F,T",2025-03-25T15:35:55.159Z,b80facc4683f67add641ff676e3612af331c7b61,b4877a5c-93e6-43f4-b702-1bf4033aa07b
20,DR-4731-CO,4731,CO,DR,2023-08-25T00:00:00.000Z,2023,Flood,"SEVERE STORMS, FLOODING, AND TORNADOES",False,False,True,True,2023-06-08T00:00:00.000Z,2023-06-23T00:00:00.000Z,,False,08,073,99073,Lincoln (County),23081,,2023072701,8,"W,F,T",2025-03-25T15:35:55.159Z,76779b042e6a04f2191dba52c8a828a9f95d42de,3828a5ff-f513-4e33-bf7b-405731c8e502
21,DR-4731-CO,4731,CO,DR,2023-08-25T00:00:00.000Z,2023,Flood,"SEVERE STORMS, FLOODING, AND TORNADOES",False,False,True,True,2023-06-08T00:00:00.000Z,2023-06-23T00:00:00.000Z,,False,08,075,99075,Logan (County),23081,,2023072701,8,"W,F,T",2025-03-25T15:35:55.159Z,6af00b0299ca90e93ca80642c8d4eba75b5b7145,a9acedb0-5f7f-4627-9f84-8e408638f826
22,DR-4731-CO,4731,CO,DR,2023-08-25T00:00:00.000Z,2023,Flood,"SEVERE STORMS, FLOODING, AND TORNADOES",False,False,True,True,2023-06-08T00:00:00.000Z,2023-06-23T00:00:00.000Z,,False,08,099,99099,Prowers (County),23081,,2023072701,8,"W,F,T",2025-03-25T15:35:55.159Z,c73f1ec3a822522dc2a820bf254fea2c4951713e,db5428b1-593f-4ec1-8cf3-da630c7a2e13
23,DR-4731-CO,4731,CO,DR,2023-08-25T00:00:00.000Z,2023,Flood,"SEVERE STORMS, FLOODING, AND TORNADOES",False,False,True,True,2023-06-08T00:00:00.000Z,2023-06-23T00:00:00.000Z,,False,08,119,99119,Teller (County),23081,,2023072701,8,"W,F,T",2025-03-25T15:35:55.159Z,8c34411b1e7fe6afe114652580d7a434d6266b7e,127a7a9e-e702-4cc5-a62a-a994fd4dbfd3
24,DR-4731-CO,4731,CO,DR,2023-08-25T00:00:00.000Z,2023,Flood,"SEVERE STORMS, FLOODING, AND TORNADOES",False,False,True,True,2023-06-08T00:00:00.000Z,2023-06-23T00:00:00.000Z,,False,08,121,99121,Washington (County),23081,,2023072701,8,"W,F,T",2025-03-25T15:35:55.159Z,b7757816104e5dff0ad374adc38c08f9dfc0a747,2d5507d6-18a5-4600-9236-765f92210498
